Year,Region,Category,TargetSales
2023.71,West,Fitness,3512.7
2023.57,North,Electronics,1502.08
2023.02,East,Electronics,1211.57
2023.95,South,Office,2801.44
2023.26,South,Office,3625.4
2023.89,North,Accessories,2173.22
2023.65,West,Electronics,4905.74
2022.46,North,Fitness,3455.67
2023.47,North,Electronics,2456.57
2023.26,South,Office,2021.38
2023.53,West,Home,1781.57
2023.4,West,Fitness,3672.34
2023.36,East,Fitness,2249.0
2023.53,Central,Accessories,392.42
2023.69,Central,Home,2050.42
2024.17,East,Electronics,3716.18
2022.8,Central,Accessories,994.21
2024.02,Central,Home,959.71
2023.95,West,Fitness,2704.6
2023.12,Central,Electronics,2705.96
2023.92,North,Accessories,3208.56
2022.9,East,Office,4262.22
2023.17,North,Accessories,3649.83
2024.06,West,Home,3094.02
2023.52,Central,Electronics,3639.97
2023.41,East,Electronics,1682.5
2024.91,West,Home,1872.76
2022.42,Central,Electronics,1218.49
2022.48,South,Home,1539.2
2022.29,West,Office,3191.78
2023.86,West,Accessories,551.31
2024.02,North,Electronics,2225.14
2023.72,East,Fitness,2211.23
2023.75,East,Accessories,2519.06
2023.49,Central,Electronics,2186.57
2023.49,Central,Fitness,1630.08
2023.44,North,Home,2189.12
2023.3,West,Electronics,4477.61
2022.81,North,Fitness,4726.38
2023.29,East,Accessories,2559.0
2024.14,West,Fitness,3157.37
2023.64,North,Office,666.53
2023.9,South,Fitness,1654.7
2023.15,South,Electronics,2132.65
2023.82,Central,Accessories,4344.91
2022.86,Central,Fitness,1327.23
2023.95,East,Accessories,2466.87
2024.09,East,Office,4929.24
2023.05,North,Office,2645.48
2023.4,Central,Accessories,3103.18
2022.74,West,Electronics,691.08
2023.85,East,Accessories,4149.07
2024.08,West,Fitness,3054.99
2022.89,West,Electronics,2770.83
2023.75,Central,Home,1779.54
2023.88,Central,Office,1590.19
2023.37,East,Office,2143.41
2023.7,Central,Fitness,3438.37
2024.48,South,Office,4389.74
2024.15,East,Fitness,2601.07
2022.53,North,Office,3379.64
2024.22,Central,Office,2971.09
2023.55,North,Office,3162.03
2022.43,East,Home,3405.98
2023.58,North,Fitness,4227.48
2024.19,Central,Home,507.66
2024.22,Central,Office,3842.05
2024.3,West,Accessories,1293.97
2023.39,East,Home,1051.69
2022.62,West,Fitness,2905.04
2023.21,Central,Office,568.99
2023.72,Central,Electronics,4438.1
2024.22,Central,Accessories,3173.52
2022.96,East,Home,3644.74
2023.62,West,Fitness,179.03
2023.62,West,Fitness,3012.72
2022.95,East,Office,2828.25
2024.18,South,Accessories,878.9
2023.68,West,Accessories,850.05
2023.47,Central,Fitness,3508.09
2023.65,Central,Accessories,1661.96
2023.22,East,Electronics,3490.65
2023.73,East,Home,2816.48
2023.38,Central,Fitness,2005.86
2023.97,Central,Accessories,4633.15
2023.67,East,Electronics,4224.18
2022.65,East,Office,1851.25
2023.69,West,Fitness,313.6
2023.85,East,Office,1593.36
2022.95,West,Home,2051.11
2022.47,East,Electronics,3554.3
2022.98,South,Electronics,4977.26
2024.24,South,Accessories,1843.98
2023.59,Central,Electronics,3836.48
2022.87,East,Fitness,3006.57
2023.62,South,Home,3489.34
2023.87,Central,Fitness,840.52
2023.07,Central,Electronics,2054.49
2023.28,North,Fitness,1280.19
2023.96,East,Office,1782.93
2023.98,North,Home,2614.33
2023.49,North,Accessories,3366.46
2023.34,East,Home,618.95
2023.2,South,Home,741.39
2023.73,West,Office,1677.7
2023.13,East,Home,3341.67
2023.96,Central,Home,4247.88
2023.8,East,Office,2810.96
2022.36,West,Accessories,4286.82
2023.35,West,Electronics,1985.71
2024.01,West,Home,1652.26
2023.7,East,Office,1835.9
2023.16,South,Office,938.3
2023.51,North,Office,4162.65
2023.67,North,Electronics,1759.49
2023.39,West,Fitness,2806.61
2023.36,South,Accessories,2934.9
2023.46,East,Office,2655.51
2023.36,East,Office,113.17
2023.89,Central,Electronics,4942.89
2023.49,West,Office,4536.17
2022.6,West,Office,1117.42
2022.35,West,Home,1533.2
2023.42,South,Accessories,2648.05
2024.48,North,Fitness,4519.37
2024.01,South,Accessories,4919.79
2023.37,South,Electronics,1361.96
2022.38,West,Fitness,2865.36
2023.41,Central,Fitness,4054.15
2023.47,East,Fitness,2032.41
2023.77,North,Home,3682.26
2024.67,North,Home,889.24
2023.07,South,Accessories,3043.42
2022.78,South,Accessories,4342.74
2023.91,North,Office,4919.26
2023.91,North,Fitness,488.89
2023.78,West,Accessories,2198.9
2023.56,South,Accessories,1102.26
2023.77,West,Electronics,2308.12
2023.61,South,Electronics,2784.04
2022.69,South,Office,557.3
2024.49,South,Accessories,1554.62
2023.35,North,Fitness,4645.16
2023.74,East,Accessories,2888.12
2023.29,North,Electronics,2341.32
2023.8,Central,Electronics,3792.28
2023.8,South,Office,3735.12
2023.75,Central,Electronics,338.04
2023.65,Central,Fitness,3572.62
2022.82,West,Home,4212.29
2023.02,West,Electronics,913.1
2024.03,Central,Fitness,3926.89
2023.04,North,Fitness,1504.03
2024.13,Central,Electronics,1601.7
2023.37,South,Home,3359.78
2023.33,East,Accessories,645.82
2024.03,Central,Office,3357.87
2022.86,West,Electronics,4450.5
2023.79,West,Accessories,3511.93
2024.26,East,Home,2257.61
2023.8,North,Fitness,2247.25
2023.47,North,Office,3848.97
2023.59,North,Office,2871.65
2023.02,Central,Electronics,516.03
2023.36,North,Fitness,2955.09
2024.57,North,Fitness,4092.73
2023.25,North,Home,1751.63
2023.8,East,Home,4645.13
2023.77,Central,Electronics,3778.51
2022.52,East,Fitness,2912.91
2023.72,East,Accessories,3783.06
2022.81,South,Electronics,487.83
2023.71,North,Accessories,4311.01
2023.64,West,Fitness,4125.37
2023.8,South,Accessories,4558.37
2023.39,North,Accessories,730.29
2023.78,West,Office,500.72
2024.6,North,Office,778.24
2022.98,West,Fitness,2056.96
2023.38,North,Electronics,2179.1
2023.98,East,Home,2854.87
2023.96,North,Home,698.99
2023.27,East,Home,1086.86
2022.48,Central,Fitness,4077.06
2024.26,East,Fitness,2393.14
2023.47,South,Accessories,4058.9
2023.54,North,Office,136.39
2023.65,South,Electronics,2802.8
2022.46,North,Accessories,4666.47
2023.16,Central,Office,2952.66
2022.84,West,Home,1109.87
2023.97,East,Electronics,3617.01
2024.46,North,Accessories,1957.03
2023.15,North,Home,3375.08
2024.21,South,Electronics,243.67
2023.14,South,Home,3215.91
2024.16,West,Accessories,257.77
2023.97,Central,Accessories,3749.43
2023.34,West,Accessories,2417.27
2023.78,North,Electronics,696.6
2023.78,South,Home,2758.92
2023.58,East,Fitness,427.19
2022.7,East,Accessories,3301.49
2023.45,South,Home,4980.82
2022.76,Central,Electronics,3870.05
2023.36,North,Home,2911.49
2023.27,Central,Home,602.91
2023.33,North,Accessories,3529.19
2023.82,Central,Accessories,3339.72
2023.29,North,Fitness,340.58
2023.26,East,Fitness,3982.27
2024.32,Central,Home,2641.71
2024.24,East,Office,2186.75
2023.49,South,Electronics,3962.12
2023.02,West,Fitness,2116.69
2023.98,West,Office,2457.03
2024.66,Central,Electronics,989.98
2022.71,South,Home,1674.46
2023.29,North,Accessories,4243.11
2023.68,Central,Office,1015.83
2024.16,West,Fitness,2144.73
2022.88,East,Home,4946.27
2023.14,East,Fitness,1259.34
2023.11,West,Office,4592.48
2023.58,North,Home,4600.15
2024.32,South,Fitness,547.35
2023.76,South,Accessories,2371.9
2023.39,South,Home,2560.86
2023.95,South,Accessories,1636.98
2023.09,Central,Electronics,331.96
2023.1,Central,Accessories,1284.26
2023.58,South,Electronics,568.1
2022.61,West,Accessories,1267.42
2023.94,East,Electronics,4058.18
2022.84,North,Fitness,4485.39
2022.72,West,Accessories,311.79
2023.64,East,Fitness,1579.54
2023.51,East,Office,4904.85
2024.13,Central,Accessories,2743.57
2023.38,Central,Fitness,3168.92
2023.43,South,Accessories,127.17
2023.39,South,Accessories,2476.06
2022.62,East,Office,4942.81
2023.92,East,Fitness,1938.41
2022.76,East,Office,575.49
2023.29,North,Electronics,2363.35
2022.19,North,Home,4818.72
2023.0,West,Home,1774.97
2022.8,North,Office,4014.72
2023.88,South,Fitness,4014.35
2023.6,West,Electronics,1120.42
2024.28,West,Electronics,2272.5
2022.74,North,Office,3606.45
2024.43,East,Electronics,2111.55
2023.33,South,Electronics,1035.93
2023.04,North,Accessories,4840.72
2023.81,West,Accessories,3288.68
2022.82,West,Electronics,4340.75
2023.31,East,Home,223.69
2023.62,West,Accessories,1407.84
2023.91,East,Fitness,2560.15
2022.78,North,Fitness,430.5
2023.3,West,Accessories,4965.86
2023.34,Central,Fitness,1258.67
2023.84,East,Fitness,1934.03
2023.57,East,Office,1148.66
2023.26,South,Home,616.68
2024.02,North,Home,1239.15
2023.21,East,Office,1572.99
2023.55,West,Home,3208.77
2023.58,South,Office,1478.05
2023.93,West,Accessories,1875.16
2023.64,West,Accessories,129.12
2022.94,East,Accessories,1892.02
2023.42,West,Accessories,2716.04
2023.08,North,Home,893.88
2023.78,Central,Home,3027.42
2023.08,Central,Office,1536.45
2023.52,West,Home,3197.05
2023.67,West,Home,228.36
2023.45,East,Office,4449.21
2023.87,Central,Office,178.98
2023.94,North,Home,722.09
2023.21,West,Home,3908.1
2024.03,South,Office,324.89
2023.72,East,Home,3583.89
2024.41,East,Accessories,4858.13
2024.45,South,Office,4371.25
2022.82,Central,Office,3579.79
2023.7,East,Office,4796.7
2023.36,East,Office,2206.09
2023.41,Central,Accessories,4377.11
2023.8,East,Home,1844.19
2023.55,South,Fitness,4655.84
2023.87,East,Office,829.01
2023.59,North,Office,4706.14
2023.97,North,Home,4180.31
2023.22,Central,Electronics,4245.67
2023.2,North,Accessories,707.22
2023.27,South,Office,3022.79
2023.35,South,Home,180.32
2023.22,East,Accessories,3633.8
2024.18,East,Accessories,137.91
2023.31,West,Home,515.63
2023.86,South,Office,1204.94
2024.06,East,Accessories,4388.11
2021.96,Central,Office,1881.52
2023.44,South,Home,2745.8
2023.79,North,Electronics,2883.71
2024.02,East,Office,1204.77
2023.32,West,Office,2903.52
2022.93,Central,Office,3338.66
2023.64,North,Fitness,1561.4
2022.98,East,Home,2151.27
2023.39,South,Home,2320.14
2023.86,South,Office,4668.52
2024.3,North,Accessories,2978.72
2023.54,Central,Fitness,4746.44
2023.69,West,Fitness,2824.57
2023.47,Central,Electronics,2552.75
2023.09,West,Electronics,117.31
2023.67,South,Fitness,2456.36
2023.22,West,Fitness,4644.53
2023.98,North,Accessories,1071.99
2023.03,North,Office,355.25
2023.56,East,Fitness,2093.22
2023.43,North,Electronics,1924.74
2024.12,East,Fitness,4300.05
2023.78,South,Office,230.39
2023.02,South,Office,4608.73
2023.23,West,Office,3436.42
2023.13,Central,Office,4530.71
2023.46,West,Office,3076.89
2022.96,East,Home,4078.57
2022.8,West,Home,1744.16
2024.28,West,Electronics,1812.87
2023.4,West,Office,2010.38
2023.14,Central,Office,3798.51
2023.89,West,Home,1909.53
2024.07,East,Electronics,1286.88
2023.23,North,Office,4694.57
2023.12,North,Fitness,4549.25
2023.77,West,Office,1809.11
2023.8,South,Office,3209.73
2023.19,East,Accessories,1441.83
2023.44,Central,Accessories,1109.96
2024.12,East,Fitness,1748.06
2023.73,South,Electronics,1702.79
2023.6,East,Electronics,4423.15
2024.37,East,Office,4129.29
2023.9,West,Home,3577.15
2023.41,West,Home,4800.79
2023.87,West,Accessories,2170.46
2023.59,South,Electronics,1300.66
2023.35,Central,Home,675.25
2023.48,East,Office,1575.16
2023.84,North,Electronics,811.79
2023.38,Central,Home,551.71
2022.87,West,Fitness,3054.37
2023.48,South,Fitness,1884.52
2023.79,South,Home,2866.39
2022.62,Central,Office,1037.55
2023.56,Central,Office,3416.84
2023.38,East,Fitness,1155.98
2023.77,Central,Accessories,1462.32
2023.18,East,Office,3734.63
2023.5,East,Office,2842.72
2023.7,East,Electronics,1740.7
2022.76,North,Fitness,2760.65
2022.83,Central,Home,3500.53
2024.19,East,Electronics,4569.45
2023.69,South,Office,2945.49
2024.1,East,Accessories,1240.16
2022.3,South,Accessories,3758.82
2023.13,Central,Fitness,3911.07
2023.27,East,Accessories,1081.97
2022.75,East,Accessories,4120.81
2023.06,East,Home,2378.18
2023.24,West,Home,3920.86
2023.35,North,Office,1263.64
2023.84,North,Fitness,1729.64
2023.93,West,Accessories,4773.12
2023.28,North,Office,3323.29
2023.22,South,Office,3887.1
2023.69,South,Accessories,3473.03
2023.31,South,Home,1101.09
2023.0,South,Electronics,2406.37
2023.46,North,Home,4063.92
2024.18,South,Office,3407.67
2023.35,South,Electronics,129.54
2023.8,South,Accessories,528.3
2023.15,West,Home,1799.29
2023.68,East,Accessories,4727.39
2023.46,South,Home,2506.83
2023.1,East,Home,1423.86
2023.71,Central,Home,1866.08
2023.36,West,Fitness,1132.2
2023.2,West,Electronics,2163.88
2023.6,North,Accessories,1168.37
2023.51,North,Office,4244.19
2023.45,East,Office,2335.73
2023.28,East,Office,1471.03
2023.64,North,Electronics,4671.17
2023.86,North,Home,1640.32
2023.59,South,Office,4557.6
2023.95,West,Accessories,312.75
2022.84,South,Electronics,3564.86
2023.13,West,Electronics,2471.06
2022.77,East,Electronics,2276.68
2023.68,South,Accessories,277.98
2023.18,Central,Office,299.35
2023.31,South,Office,1730.49
2023.51,East,Home,4740.89
2023.72,East,Electronics,3126.53
2023.5,East,Fitness,1907.49
2023.55,East,Electronics,3098.69
2023.58,North,Electronics,1110.04
2024.64,East,Electronics,908.83
2023.61,Central,Accessories,1872.9
2022.72,South,Fitness,4330.43
2024.17,Central,Office,2596.07
2022.59,Central,Accessories,1554.82
2023.3,North,Electronics,4756.23
2023.52,North,Accessories,4098.23
2023.02,Central,Electronics,1682.57
2023.89,Central,Office,4863.28
2024.3,South,Office,4938.02
2023.31,Central,Office,2102.43
2023.02,East,Fitness,3314.02
2023.03,North,Accessories,2087.7
2023.72,Central,Electronics,1361.01
2023.53,East,Accessories,505.0
2023.04,West,Fitness,1391.69
2022.71,North,Office,1430.25
2023.23,Central,Home,2053.33
2023.56,Central,Home,1005.94
2023.19,East,Accessories,4773.71
2024.28,Central,Fitness,604.11
2023.93,West,Fitness,3163.52
2024.27,North,Electronics,2264.32
2022.49,West,Accessories,2175.24
2023.68,South,Accessories,1922.76
2023.27,Central,Fitness,4354.74
2024.09,Central,Home,1474.34
2023.4,Central,Electronics,200.82
2023.47,West,Office,4598.68
2024.18,South,Accessories,4335.95
2024.32,North,Fitness,1456.82
2023.75,North,Home,2665.09
2023.8,Central,Fitness,634.53
2023.27,West,Fitness,557.79
2023.88,North,Office,4203.58
2024.4,North,Home,2110.3
2022.97,West,Fitness,3342.41
2022.66,North,Fitness,4721.68
2023.93,South,Fitness,1301.14
2022.88,West,Electronics,164.48
2023.65,South,Office,218.33
2023.72,East,Office,3575.99
2023.28,East,Office,4630.3
2023.39,South,Accessories,2389.92
2024.01,West,Office,1938.03
2024.1,North,Office,2760.02
2023.53,West,Accessories,4308.69
2023.7,East,Electronics,3295.55
2023.88,South,Accessories,1241.6
2023.65,East,Fitness,3895.44
2024.49,South,Accessories,759.61
2024.16,Central,Electronics,911.24
2022.97,South,Accessories,3102.14
2023.55,Central,Office,1270.04
2023.41,North,Office,3553.41
2023.89,Central,Home,1812.64
2024.31,Central,Electronics,1459.38
2023.71,West,Accessories,4994.7
2023.58,Central,Home,299.02
2023.0,West,Electronics,3264.53
2024.11,North,Home,289.63
2023.45,West,Home,3825.03
2024.58,East,Home,1227.44
2022.94,South,Office,540.18
2023.21,East,Office,3277.4
2022.98,South,Fitness,3689.75
2023.5,Central,Accessories,3422.67
2023.73,West,Fitness,354.31
2022.44,South,Electronics,1542.1
2023.61,West,Fitness,2310.33
2022.59,North,Office,1506.81
2022.94,South,Fitness,4071.52
2024.09,West,Accessories,742.46
2024.47,Central,Accessories,3099.68
2023.72,West,Office,4942.25
2023.63,Central,Home,4522.53
2023.98,Central,Accessories,1188.57
2023.08,South,Electronics,100.4
2024.11,South,Home,4904.93
2023.63,Central,Office,4425.29
2022.78,South,Fitness,4605.42
2022.77,South,Home,2135.97
2023.95,North,Electronics,3748.62
2023.35,North,Electronics,1142.87
2023.87,East,Accessories,2022.29
2022.71,Central,Fitness,4272.59
2024.02,Central,Fitness,725.3
2024.96,West,Accessories,4479.94
2023.09,South,Office,2532.89
2024.57,North,Fitness,2187.87
2023.1,South,Electronics,1597.67
2023.22,West,Office,4592.56
2022.57,Central,Electronics,2636.35
2023.63,Central,Fitness,4039.73
2024.24,Central,Office,4302.49
2023.39,West,Home,4619.67
2023.79,North,Fitness,1586.57
2023.38,North,Home,1765.07
2023.99,North,Fitness,3015.86
2023.34,North,Home,2262.49
2022.29,South,Electronics,4670.93
2022.43,Central,Home,2048.06
2023.28,West,Home,2441.11
2023.9,East,Home,3124.21
2023.62,West,Fitness,2083.22
2023.04,South,Home,4963.14
2023.04,West,Accessories,584.37
2023.51,East,Accessories,1180.96
2023.81,Central,Accessories,1681.01
2023.94,Central,Electronics,823.84
2023.65,South,Accessories,1492.67
2023.98,East,Fitness,3918.3
2024.04,East,Home,2662.17
2024.53,North,Electronics,266.37
2023.39,Central,Office,4914.85
2023.88,South,Home,3118.43
2023.25,East,Office,388.8
2022.71,Central,Home,3339.73
2023.64,South,Fitness,1954.01
2023.17,East,Accessories,764.8
2022.7,East,Accessories,2861.96
2023.33,Central,Electronics,3662.69
2023.51,West,Home,3388.52
2024.15,West,Electronics,1312.81
2024.29,East,Fitness,2671.84
2023.74,West,Fitness,2734.55
2023.72,South,Fitness,3612.34
2023.3,South,Fitness,1863.35
2022.81,North,Accessories,4008.89
2024.39,West,Electronics,3176.82
2024.25,West,Office,287.82
2022.42,North,Office,2777.75
2023.4,Central,Office,4323.37
2023.81,North,Home,2881.11
2024.16,South,Electronics,961.56
2023.5,South,Accessories,2600.84
2023.64,West,Fitness,3809.03
2023.56,West,Office,639.52
2023.65,Central,Electronics,4103.79
2023.77,North,Home,920.66
2022.85,North,Electronics,2716.97
2022.83,East,Office,1990.14
2023.28,West,Home,1318.26
2023.36,South,Electronics,3272.42
2023.59,South,Electronics,283.22
2024.06,South,Office,3824.22
2022.82,Central,Electronics,2682.01
2024.01,West,Accessories,4391.28
2023.04,Central,Accessories,2651.52
2022.05,South,Accessories,271.66
2023.65,West,Office,803.64
2024.38,East,Home,3998.46
2024.23,South,Accessories,2510.68
2023.37,North,Electronics,2265.21
2023.74,West,Electronics,1660.33
2023.1,East,Fitness,1494.29
2023.59,West,Home,4832.84
2024.09,North,Office,2221.55
2023.22,West,Accessories,4431.61
2023.46,West,Home,3276.0
2023.01,East,Fitness,4306.3
2023.55,Central,Accessories,4277.0
2023.01,South,Home,4785.93
2022.76,North,Fitness,3519.92
2023.64,East,Office,4046.44
2023.56,South,Home,3692.33
2023.69,East,Home,3065.61
2025.0,West,Electronics,3615.04
2022.8,West,Office,3607.18
2023.06,North,Accessories,300.45
2023.65,North,Fitness,2628.94
2024.01,East,Office,3983.99
2023.84,East,Office,1290.51
2023.37,South,Home,2379.23
2023.3,North,Fitness,2231.43
2023.95,South,Home,2073.66
2023.41,Central,Accessories,697.01
2023.84,South,Home,2675.99
2023.01,North,Fitness,2286.62
2023.66,West,Fitness,3350.62
2023.27,Central,Electronics,2792.12
2023.8,West,Electronics,234.96
2023.71,South,Office,256.4
2022.64,Central,Electronics,3536.66
2024.31,East,Accessories,3567.15
2023.63,Central,Office,4803.7
2023.61,South,Fitness,4395.85
2023.17,East,Fitness,2393.49
2022.94,Central,Fitness,3166.94
2023.0,Central,Electronics,2340.19
2023.77,North,Accessories,1192.44
2023.4,East,Accessories,1945.72
2023.83,South,Fitness,609.03
2023.35,South,Office,3365.98
2023.73,Central,Fitness,1040.95
2022.98,West,Accessories,2429.79
2024.84,Central,Fitness,4840.44
2023.76,Central,Fitness,255.18
2022.91,East,Fitness,843.48
2023.51,South,Electronics,1563.04
2022.69,East,Electronics,4714.85
2023.92,North,Office,4553.32
2024.33,North,Electronics,893.8
2023.66,West,Office,4907.48
2023.19,North,Office,3778.66
2022.91,North,Home,2745.89
2023.36,Central,Office,4665.34
2023.62,Central,Office,4414.97
2023.72,Central,Office,2017.45
2022.52,North,Accessories,3316.08
2023.52,East,Office,3272.19
2023.44,Central,Accessories,1702.14
2023.28,West,Fitness,979.01
2023.43,North,Home,2387.37
2023.62,East,Home,1390.08
2022.76,East,Electronics,1839.82
2023.32,West,Home,4775.31
2023.63,West,Electronics,2359.58
2023.06,East,Fitness,3455.97
2023.52,East,Office,1747.53
2023.9,North,Accessories,4979.72
2023.15,West,Electronics,3327.96
2022.12,West,Accessories,1060.45
2022.59,South,Accessories,581.1
2022.48,West,Home,4721.58
2023.87,Central,Accessories,4729.41
2023.18,Central,Fitness,3144.51
2023.61,Central,Fitness,183.26
2023.02,Central,Fitness,1205.12
2022.9,West,Office,4026.26
2023.33,Central,Office,4389.75
2023.4,South,Fitness,2324.55
2023.43,North,Home,1891.05
2023.72,North,Fitness,1443.7
2022.73,East,Home,673.16
2024.06,South,Home,667.15
2023.93,East,Fitness,4767.75
2023.9,North,Home,4062.27
2023.51,East,Office,907.42
2024.06,North,Home,1114.55
2022.89,West,Electronics,3312.2
2022.19,East,Office,3846.85
2023.27,South,Home,4070.54
2023.61,North,Fitness,900.35
2023.87,North,Electronics,4922.23
2023.05,North,Home,1216.23
2023.58,West,Home,2988.14
2023.6,South,Fitness,2979.32
2023.94,North,Fitness,4840.07
2023.05,South,Fitness,3322.57
2023.19,South,Electronics,2966.03
2022.57,East,Home,2641.99
2024.46,East,Office,3846.82
2023.39,North,Fitness,619.67
2023.75,South,Electronics,110.25
2023.32,North,Office,4767.2
2023.4,West,Accessories,2543.42
2023.8,Central,Fitness,1708.84
2023.65,East,Accessories,1903.46
2023.81,West,Accessories,4038.83
2023.65,Central,Accessories,1973.61
2024.04,East,Accessories,3873.83
2023.45,West,Electronics,2258.26
2023.45,South,Office,4235.98
2022.92,West,Home,473.4
2022.91,North,Accessories,2457.53
2023.62,Central,Home,2387.56
2022.91,Central,Electronics,1395.21
2023.45,East,Accessories,4723.71
2024.12,North,Electronics,4534.64
2023.79,North,Electronics,2273.62
2023.38,North,Office,576.08
2023.82,Central,Home,1113.24
2024.34,South,Accessories,1430.31
2023.8,North,Accessories,2472.68
2023.39,North,Fitness,1758.05
2023.72,West,Office,3893.27
2023.83,North,Fitness,2432.53
2023.67,South,Electronics,4364.82
2023.38,South,Fitness,4979.33
2024.52,North,Fitness,1177.2
2022.53,North,Office,3097.19
2023.52,Central,Fitness,4252.76
2023.53,Central,Accessories,4731.66
2022.99,South,Electronics,1521.42
2023.22,Central,Office,3662.51
2024.44,East,Electronics,173.58
2024.15,West,Accessories,4407.8
2024.29,West,Office,413.3
2023.05,Central,Fitness,3693.64
2023.7,Central,Office,4973.59
2023.54,East,Accessories,2555.83
2023.18,East,Fitness,1125.74
2024.45,Central,Fitness,3013.75
2023.86,East,Accessories,3158.33
2023.64,South,Office,3373.56
2022.91,North,Accessories,945.8
2023.69,South,Office,4503.69
2023.3,West,Fitness,3142.86
2023.01,East,Accessories,313.49
2023.18,East,Office,3451.8
2023.95,East,Accessories,1060.81
2023.18,Central,Electronics,233.97
2023.4,North,Home,2799.67
2024.47,South,Home,4085.24
2023.37,South,Office,4313.71
2023.41,South,Accessories,607.25
2024.38,West,Electronics,3348.91
2023.94,Central,Home,3579.37
2022.71,East,Office,1543.13
2023.31,East,Home,4859.68
2024.26,East,Office,1465.57
2023.2,East,Electronics,442.91
2022.89,East,Office,2644.47
2023.88,West,Electronics,3502.14
2023.14,Central,Office,1298.83
2023.31,South,Fitness,1759.05
2023.9,Central,Home,2861.78
2023.86,East,Office,4444.72
2023.1,South,Accessories,3761.9
2022.98,Central,Electronics,1127.0
2023.43,South,Home,1333.71
2023.46,West,Accessories,2667.02
2023.33,North,Fitness,3867.9
2023.74,South,Home,3131.93
2023.02,Central,Fitness,2556.49
2022.17,West,Office,3025.91
2022.7,South,Office,3804.69
2023.96,East,Electronics,2731.69
2023.71,North,Electronics,4498.99
2023.1,West,Fitness,4740.63
2022.85,Central,Electronics,4585.24
2022.98,South,Accessories,3797.14
2023.42,West,Fitness,1306.97
2022.54,Central,Office,1987.83
2023.94,East,Home,1472.0
2023.3,East,Electronics,3322.54
2023.77,South,Fitness,1688.69
2022.81,North,Accessories,3796.52
2023.77,East,Office,656.19
2022.52,North,Accessories,3899.29
2023.08,South,Home,2970.92
2024.04,Central,Home,4193.4
2023.79,Central,Electronics,2211.29
2022.73,Central,Fitness,3162.33
2024.26,North,Accessories,2816.62
2023.21,North,Accessories,4880.79
2023.52,West,Home,3801.82
2023.14,South,Electronics,2769.58
2023.52,South,Home,952.76
2022.95,East,Fitness,4530.16
2023.01,Central,Fitness,1108.61
2022.93,South,Electronics,3285.21
2023.88,South,Accessories,4688.71
2023.07,North,Electronics,1195.54
2024.65,East,Home,1207.03
2023.12,East,Accessories,4273.91
2023.73,South,Office,4155.51
2024.11,West,Office,1823.35
2024.54,South,Office,1398.97
2023.65,South,Office,724.2
2023.18,Central,Electronics,4940.89
2023.31,Central,Fitness,4193.18
2023.84,West,Electronics,4507.02
2023.61,Central,Fitness,2617.03
2024.36,East,Office,660.49
2023.46,South,Accessories,357.64
2023.19,North,Electronics,1719.85
2023.67,West,Fitness,4609.62
2023.59,North,Fitness,4743.15
2023.0,Central,Home,4221.7
2023.2,West,Office,877.53
2022.22,South,Office,2157.62
2023.27,South,Accessories,1306.59
2023.38,Central,Fitness,1106.21
2023.35,East,Accessories,3455.65
2023.71,North,Office,2481.95
2023.85,South,Office,1692.06
2023.22,Central,Electronics,591.05
2023.71,East,Accessories,2769.34
2022.77,South,Accessories,1800.42
2023.28,South,Office,2016.37
2023.46,Central,Accessories,1621.49
2022.58,North,Accessories,1997.26
2023.61,North,Accessories,2823.71
2023.84,West,Electronics,169.3
2023.63,Central,Fitness,4253.47
2024.05,South,Home,4617.41
2023.75,West,Office,2797.6
2022.93,West,Office,1413.3
2023.26,South,Office,4952.17
2023.17,West,Home,1977.65
2024.19,East,Home,3498.91
2023.25,South,Electronics,3480.77
2023.38,South,Office,2228.11
2023.62,West,Office,1075.87
2023.67,Central,Electronics,4836.24
2022.91,South,Home,412.09
2023.88,West,Electronics,2477.23
2023.69,East,Accessories,1181.58
2023.56,South,Office,1540.47
2023.44,South,Accessories,4159.78
2022.67,North,Home,1899.6
2023.02,South,Accessories,508.41
2024.62,West,Fitness,1061.91
2023.54,Central,Electronics,4315.83
2023.01,North,Home,4887.44
2022.86,Central,Office,1413.11
2023.49,West,Fitness,3409.5
2023.6,East,Electronics,497.88
2023.23,South,Fitness,3644.98
2023.72,East,Home,2140.54
2023.13,West,Electronics,4598.98
2023.44,North,Electronics,1626.53
2023.37,West,Home,4713.19
2023.71,Central,Office,2565.91
2023.48,Central,Electronics,1809.58
2024.18,North,Fitness,3270.4
2024.39,South,Accessories,1323.76
2023.49,East,Accessories,1225.84
2022.83,North,Accessories,1062.1
2024.09,North,Office,4803.51
2023.41,West,Electronics,2515.28
2022.83,East,Fitness,3782.91
2022.85,North,Home,2422.56
2024.48,West,Fitness,2978.95
2023.43,West,Electronics,2962.28
2023.18,Central,Accessories,4901.44
2023.25,South,Office,3375.32
2022.62,North,Electronics,1274.87
2023.65,East,Accessories,174.47
2023.9,Central,Fitness,1171.54
2023.06,West,Fitness,2332.05
2023.64,South,Office,2027.76
2023.22,North,Electronics,4080.4
2024.91,South,Electronics,3949.23
2024.08,West,Accessories,536.57
2022.86,East,Accessories,4764.85
2024.29,Central,Home,2684.54
2023.26,South,Home,3022.38
2024.15,South,Office,2084.78
2022.91,North,Electronics,3282.55
2023.22,South,Fitness,4369.5
2022.78,North,Electronics,3402.29
2023.32,South,Home,4853.48
2022.66,West,Electronics,3535.5
2023.5,Central,Home,4126.43
2023.05,Central,Home,320.69
2023.78,North,Electronics,3396.22
2023.99,South,Accessories,3308.29
2023.46,North,Home,598.56
2023.45,North,Accessories,4227.7
2023.38,South,Electronics,3109.44
2024.45,East,Electronics,581.81
2023.05,South,Accessories,3012.89
2023.64,West,Electronics,2444.24
2022.32,East,Accessories,1243.14
2023.24,North,Electronics,196.8
2024.13,Central,Office,1891.28
2023.38,South,Fitness,3137.27
2023.29,North,Fitness,1713.47
2023.21,West,Electronics,1605.55
2023.71,North,Accessories,3780.49
2023.26,South,Accessories,3817.26
2023.99,South,Office,3621.95
2023.71,Central,Electronics,595.79
2023.28,West,Electronics,2629.21
2023.6,South,Electronics,2833.21
2022.86,East,Electronics,3749.54
2024.04,East,Office,4525.57
2023.98,South,Fitness,1908.29
2022.88,East,Electronics,2200.45
2023.33,South,Home,3690.56
2023.04,South,Home,3346.92
2023.34,South,Fitness,2833.56
2023.01,East,Home,1815.68
2023.79,North,Electronics,1057.23
2023.16,West,Electronics,1000.66
2023.31,North,Electronics,499.76
2023.22,North,Office,497.88
2023.03,West,Office,4244.41
2022.71,North,Accessories,1980.0
2022.77,North,Fitness,397.62
2023.37,North,Accessories,4492.49
2024.69,West,Accessories,1194.03
2023.52,South,Electronics,1413.81
2023.41,West,Fitness,1053.04
2023.81,East,Office,4840.76
2022.98,East,Fitness,651.45
2023.41,East,Office,3638.6
2023.77,North,Electronics,4667.23
2024.32,Central,Home,3373.21
2023.58,North,Home,4307.76
2023.32,West,Office,1287.99
2023.02,Central,Accessories,3402.25
2023.74,South,Electronics,3534.27
2023.59,North,Accessories,2345.83
2023.88,West,Fitness,4365.67
2023.54,East,Accessories,3502.49
2023.23,South,Home,4484.9
2022.28,West,Accessories,3790.7
2023.02,Central,Home,2649.42
2023.81,Central,Accessories,2543.57
2024.01,North,Fitness,2323.27
2023.52,West,Electronics,206.07
2022.81,Central,Home,2722.19
2023.11,North,Electronics,2172.57
2023.39,South,Electronics,871.91
2023.27,East,Fitness,683.44
2023.72,North,Accessories,2301.82
2024.05,South,Accessories,295.57
2023.75,North,Accessories,4934.24
2021.72,South,Office,1952.79
2023.97,South,Accessories,1972.34
2024.46,Central,Accessories,350.52
2022.87,North,Office,2190.69
2023.08,Central,Home,177.15
2023.2,West,Electronics,247.46
2023.77,East,Home,1761.59
2022.78,East,Accessories,4122.75
2023.5,East,Office,2348.22
2023.56,East,Accessories,172.72
2023.56,East,Fitness,899.78
2023.36,North,Office,3725.62
2023.54,Central,Electronics,3717.64
2023.98,South,Fitness,3797.16
2024.89,West,Fitness,1823.18
2023.51,East,Home,1826.16
2023.52,East,Office,4030.17
2023.61,West,Fitness,2050.88
2023.05,West,Fitness,3663.24
2022.32,South,Fitness,2947.5
2023.52,South,Office,1885.27
2023.63,East,Fitness,492.03
2023.04,South,Office,669.01
2023.65,West,Fitness,4458.84
2023.47,North,Office,2316.47
2023.63,East,Fitness,4970.62
2022.82,South,Office,1883.1
2024.0,South,Office,1324.78
2023.17,West,Electronics,1817.64
2023.01,West,Office,1781.12
2022.71,West,Electronics,3223.05
2022.72,East,Electronics,162.41
2023.08,Central,Accessories,3840.02
2024.08,East,Fitness,2140.43
2023.67,East,Home,2217.97
2024.26,Central,Office,2457.46
2022.95,West,Fitness,2301.14
2024.5,West,Office,2537.61
2023.99,Central,Accessories,1794.93
2022.74,East,Accessories,2321.4
2024.49,East,Fitness,2082.79
2023.7,North,Accessories,2639.39
2023.88,East,Electronics,3154.02
2023.58,North,Office,1281.1
2023.09,East,Electronics,2591.34
2023.35,South,Home,3013.65
2024.22,Central,Fitness,183.05
2023.59,North,Office,2650.42
2022.89,Central,Office,1272.54
2023.94,North,Accessories,2082.24
2024.52,Central,Office,4150.0
2023.29,North,Accessories,1698.55
2023.64,South,Home,2467.76
2023.72,North,Accessories,221.23
2023.09,West,Electronics,1612.88
2022.46,West,Fitness,3234.63
2024.29,Central,Accessories,1644.29
2023.29,South,Accessories,1108.41
2024.32,East,Electronics,1524.21
2022.89,Central,Electronics,4776.45
2023.34,East,Electronics,525.33
2024.18,South,Office,2370.45
2023.57,East,Home,386.1
2023.16,Central,Accessories,2739.43
2023.17,North,Home,815.58
2023.27,West,Accessories,3207.02
2023.16,North,Home,1395.55
2022.54,South,Home,3485.49
2023.82,West,Electronics,1801.02
2022.98,West,Fitness,120.43
2023.3,North,Office,1544.98
2023.23,West,Electronics,501.28
2023.31,North,Fitness,2525.69
2023.27,East,Office,1515.56
2024.02,Central,Fitness,3235.96
2023.56,West,Electronics,2549.69
2023.0,South,Office,276.62
2023.04,West,Electronics,1661.31
2023.48,Central,Accessories,2496.39
2023.51,East,Office,2903.8
2022.83,South,Fitness,613.87
2024.21,South,Accessories,3284.86
2023.05,North,Fitness,1784.12
2024.19,West,Accessories,996.31
2023.36,North,Home,4046.1
2023.5,West,Accessories,436.25
2023.34,North,Office,4655.87
2023.75,West,Electronics,3560.7
2023.54,North,Electronics,2430.4
2023.79,North,Home,154.69
2024.44,North,Accessories,2011.61
2023.15,South,Fitness,3264.41
2022.85,West,Home,4308.67
2022.46,South,Fitness,3127.04
2024.5,Central,Home,2048.77
2023.46,North,Office,2292.06
2023.5,West,Office,4379.15
2023.63,North,Fitness,1821.65
2023.78,North,Home,419.27
2023.5,East,Electronics,2269.1
2023.54,West,Fitness,4992.45
2023.82,North,Accessories,1960.89
2023.63,East,Electronics,1045.97
2024.27,West,Electronics,321.14
2024.08,West,Home,937.75
2024.26,North,Office,1687.92
2023.43,North,Fitness,2913.96
2023.89,Central,Office,3361.38
2023.33,Central,Office,309.81
2023.79,North,Electronics,4687.28
2024.98,South,Home,1254.63
2023.24,West,Home,830.4
2022.92,North,Electronics,2701.06
2023.23,Central,Electronics,3420.17
2023.31,South,Accessories,1605.54
2024.01,North,Accessories,3380.26
2023.14,South,Accessories,1542.04
2023.38,West,Accessories,4520.64
2023.29,Central,Home,4415.4
2023.73,East,Electronics,448.85
2023.94,East,Fitness,836.97
2023.45,Central,Electronics,3520.49
2024.2,West,Accessories,100.59
2024.07,West,Home,4126.89
2024.06,Central,Electronics,1845.58
2023.86,West,Accessories,3748.64
2023.71,West,Office,316.76
2023.76,East,Office,1125.4
2023.3,West,Electronics,446.95
2023.68,South,Office,981.14
2023.83,Central,Accessories,1983.66
2023.59,East,Office,2508.6
2023.93,East,Fitness,4588.85
2023.21,North,Home,3173.15
2023.56,West,Office,3561.75
2023.15,East,Fitness,502.34
2024.45,West,Office,1505.26
2024.06,South,Fitness,4959.49
2024.13,Central,Fitness,2846.07
2023.46,West,Home,3960.31
2023.0,Central,Electronics,259.16
2023.56,East,Office,511.97
2023.11,West,Office,635.24
2023.39,North,Office,174.9
2023.25,Central,Fitness,4617.7
2024.44,South,Electronics,1342.81
2024.74,East,Home,4983.19
2022.95,Central,Accessories,3716.84
2023.36,East,Electronics,1327.99
2023.56,East,Office,4959.84
2023.52,West,Accessories,4355.82
2023.06,North,Accessories,908.49
2023.15,South,Accessories,1008.08
2023.22,Central,Electronics,3432.91
2024.04,West,Accessories,483.57
2023.04,West,Accessories,2964.17
2023.07,North,Home,426.35
2023.2,Central,Home,1184.36
2024.16,West,Office,4747.36
2023.78,North,Home,2543.0
2023.46,Central,Fitness,2911.19
2023.36,Central,Fitness,1421.45
2024.61,West,Electronics,2256.3
2024.06,East,Electronics,751.71
2023.36,West,Office,2631.42
2023.34,Central,Accessories,364.38
2023.98,North,Fitness,336.42
2023.37,Central,Accessories,3430.27
2023.2,West,Accessories,369.41
2023.53,Central,Office,2654.29
2023.39,North,Office,1403.53
2023.52,West,Accessories,1019.7
2022.32,West,Accessories,2909.26
2023.37,Central,Electronics,1552.67
2022.99,North,Fitness,2336.27
2024.24,Central,Office,780.97
2022.79,South,Office,719.78
2023.16,East,Home,621.99
2024.14,East,Accessories,450.64
2023.76,East,Accessories,2813.2
2022.75,North,Electronics,3804.43
2023.27,West,Accessories,3982.6
2024.06,North,Office,4793.44
2023.1,North,Accessories,925.12
2023.29,Central,Home,764.53
2023.24,Central,Fitness,2402.78
2023.96,South,Fitness,4318.94
2023.85,South,Fitness,3858.64
2024.04,North,Office,2835.07
2023.85,Central,Office,868.24
2023.88,East,Office,2017.19
2024.31,West,Office,3624.79
2024.14,North,Office,1929.72
2023.46,Central,Electronics,291.68
2024.16,North,Home,2961.03
2024.0,West,Electronics,3628.66
2023.03,North,Office,3602.38
2024.45,South,Home,907.84
2022.88,Central,Home,1746.36
2022.36,East,Home,2104.94
2023.57,South,Office,2160.36
2023.53,South,Office,659.38
2023.28,North,Office,1989.1
2023.43,North,Electronics,2582.5
2023.03,North,Home,3581.75
2024.38,East,Office,2890.29
2023.09,Central,Office,2084.16
2023.05,West,Fitness,4645.23
2024.06,Central,Accessories,3030.61
2023.81,Central,Office,4876.48
2023.33,West,Office,4350.14
2023.07,North,Accessories,3400.77
2023.73,West,Electronics,4506.64
2023.75,South,Electronics,4957.07
2023.26,West,Home,1182.3
2022.98,South,Accessories,3486.18
2022.56,West,Office,4602.02
2023.11,West,Office,185.26
2023.84,South,Office,4017.5
2023.72,North,Fitness,538.07
2024.35,North,Electronics,4591.12
2023.83,South,Office,3098.87
2023.15,West,Accessories,894.14
2023.57,Central,Home,293.11
2023.16,Central,Home,4156.33
2023.03,East,Electronics,783.51
2023.18,North,Fitness,4703.75
2024.01,East,Home,545.24
2022.88,South,Office,4206.09
2023.14,East,Electronics,2175.31
2023.25,Central,Electronics,4376.4
2023.59,Central,Home,3866.01
2024.03,East,Fitness,4279.12
2023.61,Central,Accessories,2404.19
2022.65,West,Fitness,3597.46
2022.57,South,Electronics,1661.47
2023.29,Central,Home,331.15
2023.54,North,Electronics,1238.76
2024.99,North,Fitness,106.67
2022.91,West,Electronics,1878.84
2024.06,East,Fitness,2519.76
2022.61,Central,Electronics,195.09
2024.46,South,Accessories,137.88
2023.81,West,Home,3463.67
2023.38,West,Accessories,592.14
2022.89,West,Accessories,461.84
2023.45,West,Fitness,2528.43
2022.96,West,Fitness,3618.98
2022.9,Central,Fitness,4888.11
2023.88,South,Accessories,1547.45
2023.32,South,Electronics,675.84
2023.87,South,Home,435.83
2023.95,East,Fitness,1116.8
2024.83,West,Electronics,590.27
2024.9,East,Electronics,116.58
2022.79,Central,Fitness,1496.86
2023.79,West,Fitness,904.61
2024.02,East,Home,189.42
2023.33,West,Office,1837.7
2023.77,South,Home,4146.99
2023.79,East,Fitness,1587.94
2022.62,East,Office,3579.49
2023.65,Central,Electronics,3670.8
2023.81,North,Home,225.23
2023.67,North,Office,4812.75
2023.73,West,Electronics,781.15
2023.57,North,Electronics,3615.58
2023.53,West,Office,1959.27
2023.99,West,Electronics,4354.29
2024.13,North,Home,4975.31
2022.94,West,Fitness,1047.28
2023.78,Central,Electronics,4115.33
2021.96,East,Fitness,2576.96
2023.43,Central,Accessories,4830.61
2023.05,South,Fitness,3324.64
2023.23,North,Electronics,3006.87
2022.99,Central,Fitness,1224.66
2023.09,West,Electronics,3621.63
2023.34,South,Electronics,1512.19
2023.49,North,Home,4244.22
2024.15,West,Office,4888.59
2022.42,South,Home,138.19
2023.18,Central,Fitness,4777.7
2023.19,Central,Home,1856.46
2023.56,West,Electronics,2492.75
2023.9,West,Fitness,4628.02
2023.0,Central,Home,3902.19
2022.54,West,Home,1291.79
2023.84,North,Home,574.58
2023.72,North,Electronics,4222.01
2023.14,South,Home,3760.59
2024.09,East,Accessories,4305.86
2022.52,South,Electronics,1981.8
2023.8,Central,Fitness,2511.36
2023.99,West,Accessories,2378.59
2023.39,North,Office,1642.14
2024.06,Central,Fitness,1744.79
2024.04,Central,Home,3621.38
2022.73,Central,Accessories,3790.05
2023.74,East,Office,4332.88
2023.24,North,Home,4240.02
2023.05,East,Electronics,3794.29
2023.19,South,Home,1730.61
2023.92,North,Office,3579.23
2022.86,South,Home,4865.86
2023.11,East,Accessories,4589.58
2023.61,South,Fitness,4860.29
2023.8,North,Office,277.42
2023.6,West,Office,3096.84
2022.97,West,Fitness,1155.18
2023.41,East,Office,1308.14
2023.43,East,Office,4235.9
2023.48,East,Accessories,3775.94
2023.65,West,Fitness,1711.13
2024.05,North,Accessories,2647.59
2023.3,South,Electronics,1022.82
2022.91,West,Home,118.75
2023.16,North,Office,4509.79
2022.71,West,Accessories,3577.25
2024.31,Central,Fitness,2691.21
2023.5,East,Fitness,365.08
2023.62,South,Office,2162.12
2022.96,West,Fitness,1962.21
2023.77,East,Electronics,940.58
2023.01,Central,Fitness,865.32
2023.94,Central,Office,948.57
2024.68,East,Home,3024.49
2023.95,East,Fitness,711.05
2022.72,South,Accessories,1268.89
2023.37,South,Fitness,4736.73
2022.63,North,Home,1175.36
2022.25,East,Electronics,3842.9
2023.22,East,Electronics,3030.4
2023.18,North,Electronics,2124.47
2023.81,East,Electronics,3016.9
2023.76,South,Accessories,754.74
2022.57,Central,Accessories,2472.52
2023.67,West,Fitness,4863.45
2024.08,North,Office,2195.83
2023.7,South,Electronics,1290.12
2023.42,East,Accessories,4644.78
2023.2,North,Electronics,3092.79
2024.06,West,Office,3666.5
2023.44,North,Office,2762.68
2024.55,Central,Electronics,154.89
2024.48,South,Electronics,3802.93
2023.03,South,Electronics,4895.62
2023.13,Central,Office,3609.32
2023.81,East,Accessories,4062.91
2023.47,North,Fitness,4272.77
2023.49,Central,Fitness,4996.09
2023.74,East,Office,1514.21
2023.79,East,Home,2301.98
2023.66,West,Electronics,2759.85
2023.84,West,Fitness,847.03
2022.94,West,Accessories,2456.78
2023.3,Central,Office,1457.21
2023.57,West,Electronics,4200.97
2023.31,North,Electronics,1800.61
2023.45,Central,Electronics,500.25
2023.95,West,Electronics,149.42
2023.62,Central,Fitness,4316.66
2023.67,West,Accessories,4308.34
2023.49,Central,Accessories,4677.03
2023.29,East,Fitness,455.47
2023.39,North,Office,2034.32
2024.49,West,Home,2198.15
2023.39,West,Office,4318.33
2023.88,West,Electronics,1380.96
2023.96,North,Office,1580.8
2023.63,East,Accessories,3690.36
2024.0,Central,Office,982.26
2022.99,East,Office,3213.34
2023.46,South,Home,3736.83
2023.39,North,Electronics,984.22
2023.47,South,Accessories,1187.53
2023.4,South,Office,3529.07
2023.79,Central,Electronics,3993.07
2023.79,South,Fitness,4771.44
2023.95,North,Office,1612.38
2023.9,Central,Office,2788.3
2023.69,North,Accessories,819.38
2023.48,East,Fitness,2240.79
2023.74,East,Office,1379.49
2024.13,South,Fitness,1809.12
2023.18,South,Home,4036.49
2024.21,South,Office,4035.83
2023.56,South,Accessories,3552.08
2022.77,South,Fitness,705.83
2023.95,East,Accessories,1491.72
2023.4,North,Accessories,4702.55
2023.5,North,Accessories,2317.38
2023.83,East,Office,3147.04
2022.93,East,Office,189.71
2023.01,Central,Fitness,2638.3
2024.55,East,Fitness,3476.8
2023.13,South,Home,388.52
2023.23,East,Accessories,664.89
2023.23,East,Accessories,1905.01
2023.28,East,Accessories,4727.85
2024.49,South,Electronics,1319.11
2023.88,East,Home,205.85
2023.68,Central,Office,4065.46
2023.8,Central,Accessories,4261.32
2022.94,North,Office,2729.81
2023.31,South,Electronics,4475.93
2022.68,West,Fitness,977.27
2022.94,West,Electronics,1445.88
2022.54,Central,Accessories,200.2
2023.41,East,Electronics,2958.82
2022.98,South,Home,4448.2
2024.15,Central,Electronics,3071.37
2023.2,West,Fitness,493.4
2023.6,East,Fitness,3496.8
2023.95,East,Fitness,3412.11
2023.02,East,Accessories,917.05
2023.63,West,Office,4162.02
2022.92,North,Accessories,4570.71
2023.54,East,Electronics,2019.33
2023.38,North,Accessories,1612.94
2023.42,East,Fitness,2915.9
2023.03,South,Accessories,4865.33
2023.16,Central,Office,3652.32
2023.86,North,Home,3971.31
2023.03,South,Office,3866.06
2023.0,South,Accessories,4789.27
2024.16,East,Office,4099.34
2023.43,West,Accessories,1414.74
2022.94,West,Office,1233.38
2023.58,South,Fitness,1286.24
2023.09,West,Office,1143.38
2023.94,Central,Fitness,1120.49
2024.04,East,Home,4679.06
2022.87,West,Fitness,4763.15
2023.7,Central,Fitness,540.29
2023.82,West,Office,413.96
2022.97,Central,Office,4299.45
2023.5,East,Home,2862.34
2023.46,North,Fitness,1136.67
2023.81,North,Office,2362.9
2022.95,Central,Electronics,461.36
2023.57,South,Home,4912.86
2023.71,East,Accessories,785.76
2024.15,North,Home,4052.11
2023.64,Central,Accessories,4795.08
2023.91,West,Accessories,3583.95
2024.59,West,Office,533.9
2022.82,East,Accessories,2990.93
2023.56,East,Fitness,733.16
2023.19,East,Electronics,4348.06
2022.73,West,Home,3396.85
2023.85,East,Accessories,4716.08
2022.74,North,Office,814.84
2023.72,East,Electronics,2323.05
2023.58,North,Electronics,2763.46
2023.81,West,Electronics,630.86
2023.24,North,Electronics,3416.84
2023.31,South,Electronics,2875.53
2023.27,East,Office,1805.41
2023.11,West,Fitness,2123.3
2023.4,South,Electronics,4001.52
2023.14,West,Accessories,1846.42
2023.83,North,Office,4865.9
2023.88,West,Accessories,4599.1
2024.31,East,Electronics,482.62
2023.38,Central,Accessories,4276.84
2023.08,East,Fitness,3401.52
2023.89,West,Office,371.07
2023.46,Central,Electronics,4781.29
2023.51,West,Office,4184.09
2023.81,Central,Fitness,4180.15
2023.51,East,Home,4586.66
2022.72,Central,Office,4613.31
2023.59,Central,Fitness,1173.49
2023.13,Central,Fitness,4693.08
2024.27,South,Home,334.86
2024.03,East,Electronics,4419.02
2022.39,East,Home,2337.89
2023.22,South,Home,4172.72
2023.41,North,Electronics,1437.9
2023.49,Central,Electronics,3798.83
2023.98,East,Home,4043.03
2023.19,Central,Home,496.59
2022.41,North,Accessories,4580.63
2023.58,East,Office,4104.53
2022.64,Central,Home,3017.76
2022.54,North,Home,3568.85
2023.34,West,Fitness,1794.52
2024.3,East,Office,2405.75
2023.18,East,Home,822.08
2023.48,North,Accessories,2549.55
2024.03,West,Electronics,3935.82
2023.27,South,Accessories,2836.14
2023.91,East,Accessories,754.07
2023.78,East,Home,4164.8
2023.88,North,Accessories,3716.14
2023.84,West,Home,283.04
2023.35,South,Accessories,4043.92
2022.58,Central,Fitness,4339.7
2023.71,South,Home,2610.66
2023.49,East,Home,1955.11
2023.57,West,Electronics,509.05
2023.8,Central,Accessories,4158.55
2023.16,North,Electronics,117.93
2024.09,Central,Office,1783.08
2022.65,East,Office,1705.9
2023.21,West,Electronics,4568.86
2023.22,West,Accessories,2301.53
2023.37,West,Office,4454.42
2023.77,West,Fitness,537.55
2023.09,East,Home,4245.79
2022.77,South,Electronics,3100.65
2023.61,South,Electronics,2735.8
2024.57,South,Office,1599.18
2022.93,North,Home,2502.81
2023.19,North,Home,1439.93
2023.8,North,Office,2333.51
2023.68,Central,Accessories,3867.2
2023.58,East,Fitness,3164.9
2023.8,East,Home,3434.62
2023.83,North,Fitness,4471.86
2024.35,Central,Electronics,359.4
2023.56,South,Office,1074.82
2022.7,Central,Accessories,3648.55
2022.42,West,Electronics,2100.35
2023.6,North,Fitness,3286.04
2023.23,Central,Home,4499.05
2023.31,South,Electronics,3706.42
2022.61,Central,Electronics,4672.27
2023.73,West,Office,844.51
2023.84,West,Home,3807.48
2022.95,Central,Home,3542.87
2022.81,East,Electronics,137.01
2023.35,South,Fitness,310.58
2023.98,Central,Accessories,265.47
2023.67,South,Accessories,2685.33
2023.51,South,Office,3904.9
2022.82,East,Accessories,2086.25
2022.95,Central,Office,115.83
2023.57,Central,Electronics,956.98
2023.34,West,Home,4747.67
2023.96,East,Electronics,1298.85
2023.15,East,Office,4281.59
2023.0,Central,Fitness,1914.9
2023.03,Central,Office,2654.35
2023.08,East,Electronics,2499.69
2023.61,South,Office,758.96
2023.38,Central,Accessories,1894.2
2023.57,East,Accessories,4998.26
2023.99,East,Home,2864.22
2024.23,West,Home,2379.65
2024.04,South,Office,2790.8
2024.04,West,Accessories,1388.74
2023.58,North,Home,2875.19
2023.96,South,Home,3668.77
2022.93,East,Home,617.85
2023.12,South,Home,1464.4
2023.28,South,Home,1123.72
2024.02,East,Electronics,3749.91
2023.93,West,Accessories,4684.77
2023.41,North,Accessories,2180.97
2023.98,Central,Electronics,3202.91
2023.35,South,Accessories,252.94
2023.83,East,Office,744.29
2022.78,Central,Office,1983.81
2023.37,North,Office,3355.52
2024.0,Central,Electronics,3237.61
2023.22,North,Office,1041.57
2023.57,South,Office,751.19
2023.1,West,Office,4696.55
2023.34,East,Electronics,1841.26
2022.6,West,Accessories,2356.12
2024.23,North,Office,567.26
2022.98,East,Home,4560.15
2023.25,East,Electronics,3373.29
2024.06,Central,Accessories,2598.86
2023.41,Central,Accessories,2213.2
2023.97,East,Accessories,352.18
2022.69,South,Home,1150.04
2022.87,Central,Fitness,4294.79
2023.12,South,Office,3148.8
2023.31,Central,Office,1049.99
2023.68,Central,Fitness,1027.1
2022.6,North,Accessories,1815.62
2023.76,North,Office,3114.95
2023.54,East,Accessories,2757.83
2023.39,South,Accessories,2682.47
2022.65,Central,Home,4357.76
2022.97,South,Office,4320.13
2024.34,North,Fitness,4241.47
2024.4,South,Home,3542.01
2022.93,North,Fitness,2023.01
2023.68,South,Home,1419.79
2024.12,East,Home,4782.89
2023.91,North,Home,321.9
2022.79,West,Home,3130.08
2024.2,Central,Accessories,4246.01
2022.71,North,Accessories,1432.37
2024.9,East,Accessories,4895.86
2022.96,North,Electronics,4441.03
2023.57,South,Fitness,1076.71
2023.96,Central,Office,1424.52
2023.55,West,Home,4496.78
2022.85,West,Electronics,635.33
2023.29,East,Electronics,1023.54
2023.21,Central,Electronics,3081.89
2024.33,North,Home,820.37
2023.06,East,Accessories,2905.47
2023.23,East,Accessories,2920.17
2022.93,West,Electronics,3022.14
2022.96,Central,Accessories,1328.44
2023.89,East,Electronics,4123.3
2023.47,East,Home,4855.17
2024.05,North,Home,1461.64
2023.8,South,Office,4340.92
2023.77,South,Office,1535.95
2023.18,Central,Electronics,1809.74
2023.6,East,Accessories,3948.67
2022.51,West,Home,772.92
2023.91,Central,Home,402.86
2023.48,East,Electronics,1994.5
2022.78,South,Home,735.45
2023.57,North,Office,489.81
2022.95,North,Home,2984.77
2024.24,Central,Home,1001.48
2023.44,Central,Home,1574.42
2023.42,East,Electronics,3672.53
2024.31,Central,Home,555.68
2023.77,South,Electronics,4970.44
2023.1,North,Fitness,1612.91
2024.1,East,Electronics,2773.58
2023.77,South,Office,3980.06
2023.16,South,Accessories,1261.33
2023.92,North,Home,1771.7
2022.32,North,Electronics,1110.72
2023.26,West,Fitness,1955.03
2023.01,North,Fitness,3701.19
2023.76,East,Electronics,3600.69
2023.39,Central,Accessories,991.89
2022.58,East,Accessories,2436.93
2024.21,South,Home,3472.21
2023.47,South,Accessories,3716.93
2023.54,Central,Electronics,3216.58
2024.21,North,Electronics,1054.63
2022.42,South,Office,4353.59
2023.68,North,Electronics,1513.39
2023.77,North,Fitness,1912.62
2023.77,North,Office,2836.64
2023.19,South,Electronics,4310.95
2023.65,Central,Home,3283.29
2023.53,North,Accessories,3538.27
2023.14,Central,Fitness,1160.2
2024.04,North,Electronics,1827.55
2023.54,West,Home,770.78
2022.67,Central,Home,3710.83
2023.51,West,Home,4748.91
2023.37,South,Office,3700.85
2023.05,East,Home,710.93
2023.93,South,Home,3497.49
2023.68,South,Office,2222.8
2022.85,East,Accessories,551.36
2023.34,Central,Home,4997.42
2024.03,Central,Home,3648.21
2023.23,West,Accessories,3149.95
2023.4,West,Home,4378.18
2023.05,South,Home,1694.17
2023.0,West,Home,3367.54
2023.31,East,Home,2394.57
2024.05,East,Accessories,707.35
2024.42,Central,Office,2751.24
2022.81,West,Electronics,3196.36
2024.37,North,Home,2418.92
2023.09,South,Accessories,713.83
2023.77,North,Electronics,468.89
2023.82,East,Electronics,3357.71
2023.94,South,Accessories,4205.75
2024.14,East,Office,4628.06
2024.67,South,Electronics,2002.11
2023.44,South,Fitness,4697.75
2023.08,West,Home,4117.04
2024.01,South,Accessories,2177.8
2022.27,South,Fitness,2090.97
2023.59,North,Accessories,1734.05
2024.15,North,Fitness,438.67
2023.96,East,Accessories,147.66
2023.7,Central,Fitness,1302.94
2022.61,Central,Accessories,1347.63
2023.21,East,Office,3675.34
2023.38,East,Office,871.12
2023.73,East,Accessories,3492.87
2023.66,North,Home,3678.64
2023.68,East,Electronics,2352.61
2023.41,West,Accessories,676.5
2023.31,North,Accessories,3625.6
2023.8,Central,Fitness,4576.87
2022.63,West,Fitness,1894.28
2022.82,East,Accessories,3817.82
2024.6,North,Electronics,3735.4
2022.8,Central,Electronics,364.81
2023.51,West,Accessories,372.97
2023.29,East,Electronics,3415.43
2023.58,West,Electronics,4171.45
2023.85,West,Office,4610.75
2023.21,East,Fitness,794.15
2023.76,West,Electronics,2958.61
2023.62,North,Electronics,1482.06
2023.29,West,Accessories,1191.23
2024.26,South,Home,3718.1
2024.71,East,Office,2124.64
2023.31,East,Electronics,2244.69
2023.38,South,Office,4237.57
2024.01,East,Accessories,1269.56
2024.17,Central,Home,2688.88
2023.67,West,Home,4155.78
2022.78,East,Home,746.26
2024.14,South,Electronics,3021.3
2023.73,Central,Home,4202.23
2023.39,West,Home,3845.88
2023.52,North,Accessories,4433.96
2024.44,South,Fitness,259.56
2023.33,West,Fitness,3488.14
2024.1,South,Fitness,1099.29
2023.12,West,Office,2829.39
2024.23,South,Office,3896.42
2022.88,South,Electronics,2158.94
2022.56,South,Office,3550.6
2022.62,North,Home,4218.01
2023.58,West,Home,4734.02
2022.77,West,Electronics,2770.96
2024.27,South,Fitness,1648.89
2023.89,South,Electronics,2011.13
2023.35,South,Office,4341.42
2023.47,South,Accessories,1277.55
2022.72,South,Accessories,4428.0
2023.95,West,Electronics,383.4
2024.1,South,Home,4859.49
2024.0,South,Accessories,683.63
2023.93,Central,Home,4428.61
2022.96,West,Office,2749.78
2023.33,East,Home,2850.51
2022.66,Central,Office,4905.21
2023.11,East,Fitness,4761.67
2024.2,East,Office,4013.18
2023.99,North,Home,3292.76
2023.27,South,Accessories,3420.74
2023.62,North,Accessories,754.0
2023.51,North,Electronics,2390.29
2023.7,Central,Fitness,2202.91
2023.03,South,Office,599.35
2023.4,South,Fitness,155.51
2023.75,West,Electronics,179.71
2023.79,North,Home,3713.59
2023.86,East,Fitness,2292.53
2023.58,Central,Fitness,2503.82
2023.54,West,Office,1342.43
2023.17,South,Electronics,2750.11
2023.89,Central,Fitness,723.31
2023.4,West,Fitness,901.39
2023.5,Central,Electronics,4106.46
2023.57,South,Electronics,234.4
2024.72,East,Office,4588.47
2023.5,East,Accessories,1757.12
2024.22,West,Home,4667.58
2023.06,West,Office,412.12
2023.06,West,Home,1632.23
2023.0,Central,Fitness,3006.53
2022.54,East,Office,4695.24
2023.19,East,Fitness,541.02
2022.95,East,Accessories,4065.05
2023.01,Central,Fitness,3103.82
2023.18,North,Fitness,3236.04
2024.15,West,Electronics,4962.31
2022.42,South,Electronics,1673.31
2023.3,Central,Home,1864.92
2023.0,South,Electronics,2725.68
2022.95,North,Electronics,3162.91
2023.8,South,Office,1627.56
2023.93,West,Accessories,3560.99
2023.63,East,Home,502.41
2024.08,East,Accessories,1054.54
2023.54,West,Accessories,164.93
2023.55,North,Fitness,3773.14
2023.67,North,Accessories,4744.7
2023.27,East,Fitness,3866.68
2022.82,Central,Office,947.07
2023.04,West,Electronics,1490.9
2023.68,East,Accessories,3388.77
2023.83,Central,Home,1616.29
2023.38,East,Fitness,2093.41
2021.78,Central,Fitness,1353.44
2023.92,East,Home,2717.71
2022.94,South,Accessories,4360.43
2023.25,South,Office,1274.49
2023.51,South,Office,2694.73
2022.92,North,Fitness,3358.52
2022.48,North,Electronics,132.22
2024.0,North,Fitness,1339.57
2024.86,Central,Office,2879.61
2023.45,South,Home,4143.48
2024.2,East,Fitness,1217.01
2023.03,North,Electronics,4504.35
2023.0,West,Accessories,4140.37
2023.51,North,Accessories,2030.97
2022.54,West,Fitness,4086.03
2023.02,South,Electronics,4261.32
2023.51,North,Accessories,1480.14
2023.64,Central,Accessories,664.24
2025.14,East,Home,594.5
2024.13,East,Electronics,4415.68
2023.13,South,Accessories,2522.57
2023.58,North,Electronics,3390.12
2022.89,South,Fitness,2011.28
2023.01,East,Electronics,3923.24
2023.5,North,Home,4138.64
2023.68,South,Accessories,4473.42
2023.01,North,Office,3244.67
2023.11,West,Fitness,4471.39
2023.78,West,Fitness,4347.58
2022.98,West,Accessories,1431.05
2023.35,Central,Electronics,2983.88
2024.82,South,Fitness,1384.58
2023.65,Central,Office,3225.31
2023.71,South,Office,4496.02
2023.36,South,Accessories,2467.38
2023.58,West,Accessories,4140.34
2023.45,North,Office,183.81
2022.96,Central,Electronics,4349.0
2023.38,Central,Accessories,4726.6
2023.46,West,Electronics,1635.69
2023.49,Central,Fitness,3577.26
2024.11,South,Office,4114.23
2023.93,Central,Home,708.91
2023.31,Central,Office,2130.79
2023.12,East,Accessories,1112.26
2022.44,South,Accessories,3758.14
2023.32,South,Fitness,2088.98
2024.52,South,Accessories,100.67
2023.03,North,Accessories,1386.9
2023.98,South,Electronics,1096.18
2023.47,North,Fitness,466.36
2023.24,North,Office,2701.0
2023.53,Central,Electronics,1751.03
2023.64,West,Office,1172.76
2023.61,North,Electronics,4689.67
2022.6,West,Office,1686.51
2023.12,South,Fitness,725.74
2022.87,West,Fitness,2663.57
2023.61,Central,Home,4472.45
2022.5,East,Fitness,3911.99
2023.11,West,Electronics,826.13
2023.92,North,Office,1565.0
2023.41,South,Electronics,1262.13
2023.06,North,Home,4645.42
2023.54,East,Office,1468.51
2023.79,North,Home,929.97
2023.25,North,Office,2330.07
2023.39,Central,Office,3097.73
2023.79,East,Electronics,876.71
2024.11,West,Electronics,220.1
2023.97,East,Office,564.35
2023.3,South,Electronics,3289.64
2024.05,South,Fitness,900.9
2023.74,South,Home,1368.33
2024.05,East,Office,3411.02
2023.67,North,Electronics,4369.67
2023.58,Central,Office,4768.09
2023.31,East,Home,1979.56
2023.66,South,Electronics,1209.22
2024.08,Central,Office,3721.75
2023.88,North,Electronics,3590.88
2023.92,East,Electronics,4874.67
2023.93,North,Home,579.65
2023.53,Central,Home,4402.91
2023.47,North,Fitness,960.74
2024.24,East,Fitness,3761.94
2023.64,Central,Accessories,4977.58
2024.22,Central,Home,1235.71
2023.79,East,Office,3736.68
2023.31,South,Electronics,3893.37
2023.31,West,Accessories,1476.7
2024.66,South,Office,4614.03
2023.27,Central,Home,441.35
2022.68,Central,Fitness,1221.51
2023.52,South,Office,1543.44
2023.32,South,Electronics,541.26
2023.41,Central,Office,1301.74
2022.71,South,Home,3957.1
2023.34,West,Fitness,1409.44
2023.26,East,Home,2582.42
2024.34,North,Electronics,763.23
2023.35,East,Accessories,2999.27
2023.71,Central,Fitness,3093.26
2023.23,East,Home,1169.48
2023.45,East,Electronics,465.79
2023.82,West,Office,3538.75
2024.35,Central,Electronics,3203.84
2024.34,Central,Home,2463.03
2023.73,South,Office,4487.57
2023.33,North,Office,4888.62
2023.83,East,Accessories,3688.73
2023.67,South,Accessories,4815.14
2024.27,Central,Office,821.01
2022.63,North,Accessories,881.77
2022.92,North,Fitness,4995.43
2024.6,Central,Office,1945.04
2023.85,Central,Accessories,2841.35
2024.1,East,Office,4729.19
2023.64,South,Fitness,3059.48
2023.24,East,Accessories,4363.2
2022.88,West,Home,3565.75
2023.63,West,Electronics,4293.8
2023.34,Central,Home,2404.46
2023.4,Central,Home,4751.96
2023.6,East,Home,713.78
2022.71,Central,Office,4057.59
2023.84,Central,Fitness,1252.93
2023.03,Central,Home,3132.19
2023.12,North,Fitness,3903.68
2023.53,South,Home,3534.9
2023.87,West,Fitness,2254.07
2024.31,East,Electronics,4658.71
2024.48,Central,Home,892.96
2024.09,East,Accessories,3628.04
2023.76,East,Home,1340.58
2023.18,North,Fitness,3471.02
2023.47,North,Accessories,1034.04
2023.92,North,Home,334.13
2023.79,Central,Electronics,3945.48
2023.92,West,Fitness,4105.49
2023.47,West,Accessories,895.91
2023.49,West,Home,4054.79
2023.4,North,Electronics,1707.41
2023.78,Central,Fitness,2898.62
2022.98,West,Accessories,3049.22
2022.6,East,Fitness,4576.8
2023.11,North,Accessories,2894.13
2023.99,West,Fitness,4357.89
2023.71,South,Fitness,2165.45
2022.84,South,Fitness,3300.54
2024.03,Central,Office,1038.18
2023.64,East,Home,3589.85
2023.44,North,Home,4646.0
2022.84,North,Accessories,2193.16
2023.61,North,Fitness,3271.72
2023.1,East,Fitness,2767.06
2024.02,North,Accessories,171.05
2023.18,Central,Office,4548.14
2023.15,South,Home,4065.52
2023.25,South,Home,2135.88
2025.12,East,Office,545.74
2023.45,West,Home,1822.82
2022.87,South,Fitness,2675.64
2023.2,East,Office,1296.45
2023.89,East,Accessories,4179.27
2022.49,Central,Electronics,1547.84
2023.09,West,Office,1104.17
2023.71,East,Electronics,947.03
2023.73,East,Electronics,3658.72
2024.34,West,Office,2778.45
2022.36,South,Home,3510.27
2022.89,South,Office,1522.69
2023.4,East,Office,2060.02
2024.05,Central,Home,4488.48
2023.14,North,Home,1718.97
2023.94,East,Office,4524.45
2023.28,East,Home,4834.8
2023.63,South,Accessories,195.72
2023.24,North,Home,2521.73
2024.4,East,Electronics,3148.07
2024.2,East,Office,161.26
2023.93,North,Home,1815.8
2023.18,North,Office,237.41
2023.92,East,Electronics,3120.81
2022.97,Central,Office,2369.48
2022.88,North,Office,1388.28
2023.01,Central,Home,3910.19
2023.49,Central,Accessories,2760.28
2024.07,East,Electronics,1728.89
2023.92,East,Office,4682.98
2024.35,South,Accessories,4881.59
2023.33,South,Accessories,993.77
2023.01,Central,Fitness,4894.12
2022.57,South,Office,2979.26
2024.43,South,Electronics,4389.26
2022.82,West,Fitness,1528.34
2023.63,West,Accessories,328.38
2022.6,North,Office,161.67
2022.66,East,Fitness,2211.56
2023.58,Central,Office,122.29
2023.38,West,Accessories,2282.86
2024.2,West,Fitness,3745.45
2023.06,North,Home,3374.84
2023.12,West,Fitness,3686.58
2023.12,South,Electronics,3013.45
2022.58,East,Accessories,4774.55
2023.93,East,Office,1276.5
2023.88,South,Home,4528.75
2023.25,North,Electronics,4910.47
2023.84,North,Office,117.39
2023.56,Central,Accessories,2212.58
2023.96,North,Office,3412.75
2023.26,South,Electronics,3111.22
2022.86,Central,Electronics,4947.29
2022.27,North,Electronics,3335.8
2022.86,North,Office,3125.49
2024.04,Central,Office,4639.01
2023.5,West,Fitness,4520.36
2023.27,North,Home,4187.51
2023.38,West,Accessories,2096.14
2023.4,East,Office,3517.74
2023.68,East,Office,4784.4
2023.66,North,Office,1275.44
2024.36,East,Fitness,2491.11
2023.87,East,Fitness,3812.1
2024.54,North,Electronics,3029.05
2024.04,North,Home,3940.37
2023.38,East,Electronics,1393.65
2023.39,South,Electronics,741.04
2023.36,Central,Electronics,2408.94
2023.75,Central,Accessories,3357.59
2023.21,Central,Accessories,3027.98
2024.03,North,Electronics,3092.31
2023.21,Central,Office,554.04
2023.01,North,Accessories,2507.46
2023.41,West,Home,1092.08
2023.26,Central,Home,3582.32
2023.78,West,Electronics,2836.25
2022.91,North,Office,3043.81
2023.74,South,Fitness,3018.28
2023.64,East,Accessories,1600.45
2023.38,East,Electronics,508.51
2022.99,North,Home,2124.14
2023.49,Central,Home,1558.93
2024.6,Central,Office,2891.57
2022.26,Central,Home,1193.37
2023.18,South,Home,1196.14
2023.76,Central,Electronics,1693.26
2023.67,West,Accessories,949.29
2023.84,North,Office,2069.85
2023.11,East,Accessories,4137.68
2024.0,Central,Home,4274.82
2023.8,West,Electronics,630.41
2022.83,South,Fitness,1720.58
2023.44,South,Accessories,3104.74
2023.41,North,Home,1212.05
2024.07,North,Fitness,4605.44
2022.96,West,Home,3562.5
2023.12,West,Fitness,1179.42
2023.24,West,Electronics,622.75
2023.48,West,Home,461.5
2023.91,North,Electronics,1021.07
2023.71,Central,Fitness,2038.18
2023.46,East,Office,3778.86
2024.35,West,Accessories,790.89
2023.09,West,Accessories,278.66
2023.48,North,Home,4469.33
2023.23,South,Electronics,1743.34
2023.44,South,Office,1718.77
2022.66,Central,Accessories,2673.03
2024.02,Central,Home,2157.17
2024.17,Central,Electronics,1546.63
2023.25,South,Electronics,3606.34
2024.16,East,Fitness,3981.63
2024.09,East,Fitness,4148.77
2022.91,North,Office,3873.15
2023.67,Central,Accessories,3483.1
2023.62,Central,Office,1045.76
2023.25,West,Accessories,3685.09
2023.81,West,Electronics,1446.09
2023.03,North,Electronics,3636.91
2023.57,South,Office,579.53
